{
  "fio version" : "fio-3.35",
  "timestamp" : 1696212034,
  "timestamp_ms" : 1696212034422,
  "time" : "Sun Oct  1 21:00:34 2023",
  "jobs" : [
    {
      "jobname" : "random-write",
      "groupid" : 0,
      "error" : 0,
      "eta" : 0,
      "elapsed" : 61,
      "job options" : {
        "name" : "random-write",
        "ioengine" : "posixaio",
        "rw" : "randwrite",
        "bs" : "4k",
        "numjobs" : "1",
        "size" : "50m",
        "directory" : "./",
        "runtime" : "60s"
      },
      "read" : {
        "io_bytes" : 0,
        "io_kbytes" : 0,
        "bw_bytes" : 0,
        "bw" : 0,
        "iops" : 0.000000,
        "runtime" : 0,
        "total_ios" : 0,
        "short_ios" : 0,
        "drop_ios" : 0,
        "slat_ns" : {
          "min" : 0,
          "max" : 0,
          "mean" : 0.000000,
          "stddev" : 0.000000,
          "N" : 0
        },
        "clat_ns" : {
          "min" : 0,
          "max" : 0,
          "mean" : 0.000000,
          "stddev" : 0.000000,
          "N" : 0
        },
        "lat_ns" : {
          "min" : 0,
          "max" : 0,
          "mean" : 0.000000,
          "stddev" : 0.000000,
          "N" : 0
        },
        "bw_min" : 0,
        "bw_max" : 0,
        "bw_agg" : 0.000000,
        "bw_mean" : 0.000000,
        "bw_dev" : 0.000000,
        "bw_samples" : 0,
        "iops_min" : 0,
        "iops_max" : 0,
        "iops_mean" : 0.000000,
        "iops_stddev" : 0.000000,
        "iops_samples" : 0
      },
      "write" : {
        "io_bytes" : 33779441664,
        "io_kbytes" : 32987736,
        "bw_bytes" : 562981311,
        "bw" : 549786,
        "iops" : 137446.609223,
        "runtime" : 60001,
        "total_ios" : 8246934,
        "short_ios" : 0,
        "drop_ios" : 0,
        "slat_ns" : {
          "min" : 0,
          "max" : 113000,
          "mean" : 623.012868,
          "stddev" : 704.308379,
          "N" : 8246934
        },
        "clat_ns" : {
          "min" : 0,
          "max" : 9768000,
          "mean" : 6436.485850,
          "stddev" : 6078.817876,
          "N" : 8246934,
          "percentile" : {
            "1.000000" : 5024,
            "5.000000" : 5024,
            "10.000000" : 5984,
            "20.000000" : 5984,
            "30.000000" : 5984,
            "40.000000" : 5984,
            "50.000000" : 5984,
            "60.000000" : 5984,
            "70.000000" : 5984,
            "80.000000" : 7008,
            "90.000000" : 7008,
            "95.000000" : 9024,
            "99.000000" : 11968,
            "99.500000" : 14016,
            "99.900000" : 21120,
            "99.950000" : 44800,
            "99.990000" : 140288
          }
        },
        "lat_ns" : {
          "min" : 4000,
          "max" : 9785000,
          "mean" : 7059.498718,
          "stddev" : 6130.444723,
          "N" : 8246934
        },
        "bw_min" : 83445,
        "bw_max" : 566143,
        "bw_agg" : 100.000000,
        "bw_mean" : 550168.310924,
        "bw_dev" : 43970.515553,
        "bw_samples" : 119,
        "iops_min" : 20861,
        "iops_max" : 141535,
        "iops_mean" : 137541.915966,
        "iops_stddev" : 10992.626582,
        "iops_samples" : 119
      },
      "trim" : {
        "io_bytes" : 0,
        "io_kbytes" : 0,
        "bw_bytes" : 0,
        "bw" : 0,
        "iops" : 0.000000,
        "runtime" : 0,
        "total_ios" : 0,
        "short_ios" : 0,
        "drop_ios" : 0,
        "slat_ns" : {
          "min" : 0,
          "max" : 0,
          "mean" : 0.000000,
          "stddev" : 0.000000,
          "N" : 0
        },
        "clat_ns" : {
          "min" : 0,
          "max" : 0,
          "mean" : 0.000000,
          "stddev" : 0.000000,
          "N" : 0
        },
        "lat_ns" : {
          "min" : 0,
          "max" : 0,
          "mean" : 0.000000,
          "stddev" : 0.000000,
          "N" : 0
        },
        "bw_min" : 0,
        "bw_max" : 0,
        "bw_agg" : 0.000000,
        "bw_mean" : 0.000000,
        "bw_dev" : 0.000000,
        "bw_samples" : 0,
        "iops_min" : 0,
        "iops_max" : 0,
        "iops_mean" : 0.000000,
        "iops_stddev" : 0.000000,
        "iops_samples" : 0
      },
      "sync" : {
        "total_ios" : 0,
        "lat_ns" : {
          "min" : 0,
          "max" : 0,
          "mean" : 0.000000,
          "stddev" : 0.000000,
          "N" : 0
        }
      },
      "job_runtime" : 60000,
      "usr_cpu" : 13.266667,
      "sys_cpu" : 22.818333,
      "ctx" : 8272706,
      "majf" : 0,
      "minf" : 9,
      "iodepth_level" : {
        "1" : 100.000000,
        "2" : 0.000000,
        "4" : 0.000000,
        "8" : 0.000000,
        "16" : 0.000000,
        "32" : 0.000000,
        ">=64" : 0.000000
      },
      "iodepth_submit" : {
        "0" : 0.000000,
        "4" : 100.000000,
        "8" : 0.000000,
        "16" : 0.000000,
        "32" : 0.000000,
        "64" : 0.000000,
        ">=64" : 0.000000
      },
      "iodepth_complete" : {
        "0" : 0.000000,
        "4" : 100.000000,
        "8" : 0.000000,
        "16" : 0.000000,
        "32" : 0.000000,
        "64" : 0.000000,
        ">=64" : 0.000000
      },
      "latency_ns" : {
        "2" : 0.055887,
        "4" : 0.000000,
        "10" : 0.000000,
        "20" : 0.000000,
        "50" : 0.000000,
        "100" : 0.000000,
        "250" : 0.000000,
        "500" : 0.000000,
        "750" : 0.000000,
        "1000" : 0.000000
      },
      "latency_us" : {
        "2" : 0.121936,
        "4" : 0.038329,
        "10" : 96.433244,
        "20" : 3.223998,
        "50" : 0.080442,
        "100" : 0.010000,
        "250" : 0.035443,
        "500" : 0.010000,
        "750" : 0.010000,
        "1000" : 0.010000
      },
      "latency_ms" : {
        "2" : 0.010000,
        "4" : 0.010000,
        "10" : 0.010000,
        "20" : 0.000000,
        "50" : 0.000000,
        "100" : 0.000000,
        "250" : 0.000000,
        "500" : 0.000000,
        "750" : 0.000000,
        "1000" : 0.000000,
        "2000" : 0.000000,
        ">=2000" : 0.000000
      },
      "latency_depth" : 1,
      "latency_target" : 0,
      "latency_percentile" : 100.000000,
      "latency_window" : 0
    }
  ]
}
