{
  "fio version" : "fio-3.35",
  "timestamp" : 1696783553,
  "timestamp_ms" : 1696783553849,
  "time" : "Sun Oct  8 11:45:53 2023",
  "jobs" : [
    {
      "jobname" : "random-write",
      "groupid" : 0,
      "error" : 0,
      "eta" : 0,
      "elapsed" : 62,
      "job options" : {
        "name" : "random-write",
        "ioengine" : "posixaio",
        "rw" : "randwrite",
        "bs" : "4k",
        "numjobs" : "1",
        "size" : "50m",
        "directory" : "/Volumes/TONY'S DISK/test",
        "runtime" : "60s"
      },
      "read" : {
        "io_bytes" : 0,
        "io_kbytes" : 0,
        "bw_bytes" : 0,
        "bw" : 0,
        "iops" : 0.000000,
        "runtime" : 0,
        "total_ios" : 0,
        "short_ios" : 0,
        "drop_ios" : 0,
        "slat_ns" : {
          "min" : 0,
          "max" : 0,
          "mean" : 0.000000,
          "stddev" : 0.000000,
          "N" : 0
        },
        "clat_ns" : {
          "min" : 0,
          "max" : 0,
          "mean" : 0.000000,
          "stddev" : 0.000000,
          "N" : 0
        },
        "lat_ns" : {
          "min" : 0,
          "max" : 0,
          "mean" : 0.000000,
          "stddev" : 0.000000,
          "N" : 0
        },
        "bw_min" : 0,
        "bw_max" : 0,
        "bw_agg" : 0.000000,
        "bw_mean" : 0.000000,
        "bw_dev" : 0.000000,
        "bw_samples" : 0,
        "iops_min" : 0,
        "iops_max" : 0,
        "iops_mean" : 0.000000,
        "iops_stddev" : 0.000000,
        "iops_samples" : 0
      },
      "write" : {
        "io_bytes" : 36671877120,
        "io_kbytes" : 35812380,
        "bw_bytes" : 611187765,
        "bw" : 596863,
        "iops" : 149215.763071,
        "runtime" : 60001,
        "total_ios" : 8953095,
        "short_ios" : 0,
        "drop_ios" : 0,
        "slat_ns" : {
          "min" : 0,
          "max" : 1348000,
          "mean" : 649.810820,
          "stddev" : 834.809361,
          "N" : 8953095
        },
        "clat_ns" : {
          "min" : 0,
          "max" : 60163000,
          "mean" : 5797.251900,
          "stddev" : 100879.662367,
          "N" : 8953095,
          "percentile" : {
            "1.000000" : 4016,
            "5.000000" : 4016,
            "10.000000" : 4016,
            "20.000000" : 4016,
            "30.000000" : 5024,
            "40.000000" : 5024,
            "50.000000" : 5024,
            "60.000000" : 5024,
            "70.000000" : 5984,
            "80.000000" : 5984,
            "90.000000" : 7008,
            "95.000000" : 7008,
            "99.000000" : 10048,
            "99.500000" : 11968,
            "99.900000" : 27008,
            "99.950000" : 36096,
            "99.990000" : 585728
          }
        },
        "lat_ns" : {
          "min" : 3000,
          "max" : 60168000,
          "mean" : 6447.062720,
          "stddev" : 100903.326945,
          "N" : 8953095
        },
        "bw_min" : 2836,
        "bw_max" : 663379,
        "bw_agg" : 100.000000,
        "bw_mean" : 597185.050420,
        "bw_dev" : 164354.728138,
        "bw_samples" : 119,
        "iops_min" : 709,
        "iops_max" : 165844,
        "iops_mean" : 149295.941176,
        "iops_stddev" : 41088.637610,
        "iops_samples" : 119
      },
      "trim" : {
        "io_bytes" : 0,
        "io_kbytes" : 0,
        "bw_bytes" : 0,
        "bw" : 0,
        "iops" : 0.000000,
        "runtime" : 0,
        "total_ios" : 0,
        "short_ios" : 0,
        "drop_ios" : 0,
        "slat_ns" : {
          "min" : 0,
          "max" : 0,
          "mean" : 0.000000,
          "stddev" : 0.000000,
          "N" : 0
        },
        "clat_ns" : {
          "min" : 0,
          "max" : 0,
          "mean" : 0.000000,
          "stddev" : 0.000000,
          "N" : 0
        },
        "lat_ns" : {
          "min" : 0,
          "max" : 0,
          "mean" : 0.000000,
          "stddev" : 0.000000,
          "N" : 0
        },
        "bw_min" : 0,
        "bw_max" : 0,
        "bw_agg" : 0.000000,
        "bw_mean" : 0.000000,
        "bw_dev" : 0.000000,
        "bw_samples" : 0,
        "iops_min" : 0,
        "iops_max" : 0,
        "iops_mean" : 0.000000,
        "iops_stddev" : 0.000000,
        "iops_samples" : 0
      },
      "sync" : {
        "total_ios" : 0,
        "lat_ns" : {
          "min" : 0,
          "max" : 0,
          "mean" : 0.000000,
          "stddev" : 0.000000,
          "N" : 0
        }
      },
      "job_runtime" : 60000,
      "usr_cpu" : 15.866667,
      "sys_cpu" : 28.475000,
      "ctx" : 8956056,
      "majf" : 0,
      "minf" : 8,
      "iodepth_level" : {
        "1" : 100.000000,
        "2" : 0.000000,
        "4" : 0.000000,
        "8" : 0.000000,
        "16" : 0.000000,
        "32" : 0.000000,
        ">=64" : 0.000000
      },
      "iodepth_submit" : {
        "0" : 0.000000,
        "4" : 100.000000,
        "8" : 0.000000,
        "16" : 0.000000,
        "32" : 0.000000,
        "64" : 0.000000,
        ">=64" : 0.000000
      },
      "iodepth_complete" : {
        "0" : 0.000000,
        "4" : 100.000000,
        "8" : 0.000000,
        "16" : 0.000000,
        "32" : 0.000000,
        "64" : 0.000000,
        ">=64" : 0.000000
      },
      "latency_ns" : {
        "2" : 0.078945,
        "4" : 0.000000,
        "10" : 0.000000,
        "20" : 0.000000,
        "50" : 0.000000,
        "100" : 0.000000,
        "250" : 0.000000,
        "500" : 0.000000,
        "750" : 0.000000,
        "1000" : 0.000000
      },
      "latency_us" : {
        "2" : 0.222582,
        "4" : 0.112330,
        "10" : 98.381509,
        "20" : 1.014711,
        "50" : 0.151858,
        "100" : 0.010000,
        "250" : 0.010000,
        "500" : 0.010000,
        "750" : 0.034480,
        "1000" : 0.010000
      },
      "latency_ms" : {
        "2" : 0.010000,
        "4" : 0.010000,
        "10" : 0.010000,
        "20" : 0.010000,
        "50" : 0.010000,
        "100" : 0.010000,
        "250" : 0.000000,
        "500" : 0.000000,
        "750" : 0.000000,
        "1000" : 0.000000,
        "2000" : 0.000000,
        ">=2000" : 0.000000
      },
      "latency_depth" : 1,
      "latency_target" : 0,
      "latency_percentile" : 100.000000,
      "latency_window" : 0
    }
  ]
}
