{
  "fio version" : "fio-3.35",
  "timestamp" : 1696783792,
  "timestamp_ms" : 1696783792756,
  "time" : "Sun Oct  8 11:49:52 2023",
  "jobs" : [
    {
      "jobname" : "random-write",
      "groupid" : 0,
      "error" : 0,
      "eta" : 0,
      "elapsed" : 62,
      "job options" : {
        "name" : "random-write",
        "ioengine" : "posixaio",
        "rw" : "randwrite",
        "bs" : "4k",
        "numjobs" : "1",
        "size" : "50m",
        "directory" : "/Volumes/TONY'S DISK/test",
        "runtime" : "60s"
      },
      "read" : {
        "io_bytes" : 0,
        "io_kbytes" : 0,
        "bw_bytes" : 0,
        "bw" : 0,
        "iops" : 0.000000,
        "runtime" : 0,
        "total_ios" : 0,
        "short_ios" : 0,
        "drop_ios" : 0,
        "slat_ns" : {
          "min" : 0,
          "max" : 0,
          "mean" : 0.000000,
          "stddev" : 0.000000,
          "N" : 0
        },
        "clat_ns" : {
          "min" : 0,
          "max" : 0,
          "mean" : 0.000000,
          "stddev" : 0.000000,
          "N" : 0
        },
        "lat_ns" : {
          "min" : 0,
          "max" : 0,
          "mean" : 0.000000,
          "stddev" : 0.000000,
          "N" : 0
        },
        "bw_min" : 0,
        "bw_max" : 0,
        "bw_agg" : 0.000000,
        "bw_mean" : 0.000000,
        "bw_dev" : 0.000000,
        "bw_samples" : 0,
        "iops_min" : 0,
        "iops_max" : 0,
        "iops_mean" : 0.000000,
        "iops_stddev" : 0.000000,
        "iops_samples" : 0
      },
      "write" : {
        "io_bytes" : 37440466944,
        "io_kbytes" : 36562956,
        "bw_bytes" : 623997382,
        "bw" : 609372,
        "iops" : 152343.110948,
        "runtime" : 60001,
        "total_ios" : 9140739,
        "short_ios" : 0,
        "drop_ios" : 0,
        "slat_ns" : {
          "min" : 0,
          "max" : 594000,
          "mean" : 685.141869,
          "stddev" : 803.339358,
          "N" : 9140739
        },
        "clat_ns" : {
          "min" : 0,
          "max" : 61520000,
          "mean" : 5633.178565,
          "stddev" : 103500.669552,
          "N" : 9140739,
          "percentile" : {
            "1.000000" : 4016,
            "5.000000" : 4016,
            "10.000000" : 4016,
            "20.000000" : 4016,
            "30.000000" : 5024,
            "40.000000" : 5024,
            "50.000000" : 5024,
            "60.000000" : 5024,
            "70.000000" : 5984,
            "80.000000" : 5984,
            "90.000000" : 7008,
            "95.000000" : 7008,
            "99.000000" : 10048,
            "99.500000" : 10944,
            "99.900000" : 18048,
            "99.950000" : 25984,
            "99.990000" : 41216
          }
        },
        "lat_ns" : {
          "min" : 3000,
          "max" : 61523000,
          "mean" : 6318.320433,
          "stddev" : 103510.658012,
          "N" : 9140739
        },
        "bw_min" : 2241,
        "bw_max" : 660127,
        "bw_agg" : 100.000000,
        "bw_mean" : 609911.512605,
        "bw_dev" : 123196.064615,
        "bw_samples" : 119,
        "iops_min" : 560,
        "iops_max" : 165031,
        "iops_mean" : 152477.554622,
        "iops_stddev" : 30798.964810,
        "iops_samples" : 119
      },
      "trim" : {
        "io_bytes" : 0,
        "io_kbytes" : 0,
        "bw_bytes" : 0,
        "bw" : 0,
        "iops" : 0.000000,
        "runtime" : 0,
        "total_ios" : 0,
        "short_ios" : 0,
        "drop_ios" : 0,
        "slat_ns" : {
          "min" : 0,
          "max" : 0,
          "mean" : 0.000000,
          "stddev" : 0.000000,
          "N" : 0
        },
        "clat_ns" : {
          "min" : 0,
          "max" : 0,
          "mean" : 0.000000,
          "stddev" : 0.000000,
          "N" : 0
        },
        "lat_ns" : {
          "min" : 0,
          "max" : 0,
          "mean" : 0.000000,
          "stddev" : 0.000000,
          "N" : 0
        },
        "bw_min" : 0,
        "bw_max" : 0,
        "bw_agg" : 0.000000,
        "bw_mean" : 0.000000,
        "bw_dev" : 0.000000,
        "bw_samples" : 0,
        "iops_min" : 0,
        "iops_max" : 0,
        "iops_mean" : 0.000000,
        "iops_stddev" : 0.000000,
        "iops_samples" : 0
      },
      "sync" : {
        "total_ios" : 0,
        "lat_ns" : {
          "min" : 0,
          "max" : 0,
          "mean" : 0.000000,
          "stddev" : 0.000000,
          "N" : 0
        }
      },
      "job_runtime" : 60000,
      "usr_cpu" : 16.538333,
      "sys_cpu" : 29.420000,
      "ctx" : 9148530,
      "majf" : 0,
      "minf" : 8,
      "iodepth_level" : {
        "1" : 100.000000,
        "2" : 0.000000,
        "4" : 0.000000,
        "8" : 0.000000,
        "16" : 0.000000,
        "32" : 0.000000,
        ">=64" : 0.000000
      },
      "iodepth_submit" : {
        "0" : 0.000000,
        "4" : 100.000000,
        "8" : 0.000000,
        "16" : 0.000000,
        "32" : 0.000000,
        "64" : 0.000000,
        ">=64" : 0.000000
      },
      "iodepth_complete" : {
        "0" : 0.000000,
        "4" : 100.000000,
        "8" : 0.000000,
        "16" : 0.000000,
        "32" : 0.000000,
        "64" : 0.000000,
        ">=64" : 0.000000
      },
      "latency_ns" : {
        "2" : 0.179066,
        "4" : 0.000000,
        "10" : 0.000000,
        "20" : 0.000000,
        "50" : 0.000000,
        "100" : 0.000000,
        "250" : 0.000000,
        "500" : 0.000000,
        "750" : 0.000000,
        "1000" : 0.000000
      },
      "latency_us" : {
        "2" : 0.441047,
        "4" : 0.146509,
        "10" : 98.131869,
        "20" : 1.018758,
        "50" : 0.077423,
        "100" : 0.010000,
        "250" : 0.010000,
        "500" : 0.010000,
        "750" : 0.010000,
        "1000" : 0.000000
      },
      "latency_ms" : {
        "2" : 0.010000,
        "4" : 0.010000,
        "10" : 0.010000,
        "20" : 0.010000,
        "50" : 0.010000,
        "100" : 0.010000,
        "250" : 0.000000,
        "500" : 0.000000,
        "750" : 0.000000,
        "1000" : 0.000000,
        "2000" : 0.000000,
        ">=2000" : 0.000000
      },
      "latency_depth" : 1,
      "latency_target" : 0,
      "latency_percentile" : 100.000000,
      "latency_window" : 0
    }
  ]
}
