{
  "fio version" : "fio-3.35",
  "timestamp" : 1696784256,
  "timestamp_ms" : 1696784256019,
  "time" : "Sun Oct  8 11:57:36 2023",
  "jobs" : [
    {
      "jobname" : "random-write",
      "groupid" : 0,
      "error" : 0,
      "eta" : 0,
      "elapsed" : 63,
      "job options" : {
        "name" : "random-write",
        "ioengine" : "posixaio",
        "rw" : "randwrite",
        "bs" : "4k",
        "numjobs" : "2",
        "size" : "50m",
        "directory" : "/Volumes/TONY'S DISK/test",
        "runtime" : "60s"
      },
      "read" : {
        "io_bytes" : 0,
        "io_kbytes" : 0,
        "bw_bytes" : 0,
        "bw" : 0,
        "iops" : 0.000000,
        "runtime" : 0,
        "total_ios" : 0,
        "short_ios" : 0,
        "drop_ios" : 0,
        "slat_ns" : {
          "min" : 0,
          "max" : 0,
          "mean" : 0.000000,
          "stddev" : 0.000000,
          "N" : 0
        },
        "clat_ns" : {
          "min" : 0,
          "max" : 0,
          "mean" : 0.000000,
          "stddev" : 0.000000,
          "N" : 0
        },
        "lat_ns" : {
          "min" : 0,
          "max" : 0,
          "mean" : 0.000000,
          "stddev" : 0.000000,
          "N" : 0
        },
        "bw_min" : 0,
        "bw_max" : 0,
        "bw_agg" : 0.000000,
        "bw_mean" : 0.000000,
        "bw_dev" : 0.000000,
        "bw_samples" : 0,
        "iops_min" : 0,
        "iops_max" : 0,
        "iops_mean" : 0.000000,
        "iops_stddev" : 0.000000,
        "iops_samples" : 0
      },
      "write" : {
        "io_bytes" : 29494120448,
        "io_kbytes" : 28802852,
        "bw_bytes" : 491552289,
        "bw" : 480031,
        "iops" : 120007.883071,
        "runtime" : 60002,
        "total_ios" : 7200713,
        "short_ios" : 0,
        "drop_ios" : 0,
        "slat_ns" : {
          "min" : 0,
          "max" : 53000,
          "mean" : 1648.849635,
          "stddev" : 1509.222848,
          "N" : 7200713
        },
        "clat_ns" : {
          "min" : 0,
          "max" : 91447000,
          "mean" : 6390.898512,
          "stddev" : 114079.415918,
          "N" : 7200713,
          "percentile" : {
            "1.000000" : 0,
            "5.000000" : 1004,
            "10.000000" : 1004,
            "20.000000" : 5024,
            "30.000000" : 5024,
            "40.000000" : 5984,
            "50.000000" : 5984,
            "60.000000" : 7008,
            "70.000000" : 7008,
            "80.000000" : 8032,
            "90.000000" : 8032,
            "95.000000" : 10048,
            "99.000000" : 12992,
            "99.500000" : 14016,
            "99.900000" : 21888,
            "99.950000" : 27008,
            "99.990000" : 39168
          }
        },
        "lat_ns" : {
          "min" : 2000,
          "max" : 91456000,
          "mean" : 8039.748147,
          "stddev" : 114073.000127,
          "N" : 7200713
        },
        "bw_min" : 2440,
        "bw_max" : 644239,
        "bw_agg" : 51.004087,
        "bw_mean" : 480462.210084,
        "bw_dev" : 97994.039330,
        "bw_samples" : 119,
        "iops_min" : 610,
        "iops_max" : 161059,
        "iops_mean" : 120115.268908,
        "iops_stddev" : 24498.517438,
        "iops_samples" : 119
      },
      "trim" : {
        "io_bytes" : 0,
        "io_kbytes" : 0,
        "bw_bytes" : 0,
        "bw" : 0,
        "iops" : 0.000000,
        "runtime" : 0,
        "total_ios" : 0,
        "short_ios" : 0,
        "drop_ios" : 0,
        "slat_ns" : {
          "min" : 0,
          "max" : 0,
          "mean" : 0.000000,
          "stddev" : 0.000000,
          "N" : 0
        },
        "clat_ns" : {
          "min" : 0,
          "max" : 0,
          "mean" : 0.000000,
          "stddev" : 0.000000,
          "N" : 0
        },
        "lat_ns" : {
          "min" : 0,
          "max" : 0,
          "mean" : 0.000000,
          "stddev" : 0.000000,
          "N" : 0
        },
        "bw_min" : 0,
        "bw_max" : 0,
        "bw_agg" : 0.000000,
        "bw_mean" : 0.000000,
        "bw_dev" : 0.000000,
        "bw_samples" : 0,
        "iops_min" : 0,
        "iops_max" : 0,
        "iops_mean" : 0.000000,
        "iops_stddev" : 0.000000,
        "iops_samples" : 0
      },
      "sync" : {
        "total_ios" : 0,
        "lat_ns" : {
          "min" : 0,
          "max" : 0,
          "mean" : 0.000000,
          "stddev" : 0.000000,
          "N" : 0
        }
      },
      "job_runtime" : 60001,
      "usr_cpu" : 15.396410,
      "sys_cpu" : 33.541108,
      "ctx" : 7670711,
      "majf" : 0,
      "minf" : 9,
      "iodepth_level" : {
        "1" : 100.000000,
        "2" : 0.000000,
        "4" : 0.000000,
        "8" : 0.000000,
        "16" : 0.000000,
        "32" : 0.000000,
        ">=64" : 0.000000
      },
      "iodepth_submit" : {
        "0" : 0.000000,
        "4" : 100.000000,
        "8" : 0.000000,
        "16" : 0.000000,
        "32" : 0.000000,
        "64" : 0.000000,
        ">=64" : 0.000000
      },
      "iodepth_complete" : {
        "0" : 0.000000,
        "4" : 100.000000,
        "8" : 0.000000,
        "16" : 0.000000,
        "32" : 0.000000,
        "64" : 0.000000,
        ">=64" : 0.000000
      },
      "latency_ns" : {
        "2" : 3.143855,
        "4" : 0.000000,
        "10" : 0.000000,
        "20" : 0.000000,
        "50" : 0.000000,
        "100" : 0.000000,
        "250" : 0.000000,
        "500" : 0.000000,
        "750" : 0.000000,
        "1000" : 0.000000
      },
      "latency_us" : {
        "2" : 7.985556,
        "4" : 1.199465,
        "10" : 82.309793,
        "20" : 5.215831,
        "50" : 0.141722,
        "100" : 0.010000,
        "250" : 0.010000,
        "500" : 0.000000,
        "750" : 0.000000,
        "1000" : 0.000000
      },
      "latency_ms" : {
        "2" : 0.010000,
        "4" : 0.010000,
        "10" : 0.010000,
        "20" : 0.010000,
        "50" : 0.010000,
        "100" : 0.010000,
        "250" : 0.000000,
        "500" : 0.000000,
        "750" : 0.000000,
        "1000" : 0.000000,
        "2000" : 0.000000,
        ">=2000" : 0.000000
      },
      "latency_depth" : 1,
      "latency_target" : 0,
      "latency_percentile" : 100.000000,
      "latency_window" : 0
    },
    {
      "jobname" : "random-write",
      "groupid" : 0,
      "error" : 0,
      "eta" : 0,
      "elapsed" : 63,
      "job options" : {
        "name" : "random-write",
        "ioengine" : "posixaio",
        "rw" : "randwrite",
        "bs" : "4k",
        "numjobs" : "2",
        "size" : "50m",
        "directory" : "/Volumes/TONY'S DISK/test",
        "runtime" : "60s"
      },
      "read" : {
        "io_bytes" : 0,
        "io_kbytes" : 0,
        "bw_bytes" : 0,
        "bw" : 0,
        "iops" : 0.000000,
        "runtime" : 0,
        "total_ios" : 0,
        "short_ios" : 0,
        "drop_ios" : 0,
        "slat_ns" : {
          "min" : 0,
          "max" : 0,
          "mean" : 0.000000,
          "stddev" : 0.000000,
          "N" : 0
        },
        "clat_ns" : {
          "min" : 0,
          "max" : 0,
          "mean" : 0.000000,
          "stddev" : 0.000000,
          "N" : 0
        },
        "lat_ns" : {
          "min" : 0,
          "max" : 0,
          "mean" : 0.000000,
          "stddev" : 0.000000,
          "N" : 0
        },
        "bw_min" : 0,
        "bw_max" : 0,
        "bw_agg" : 0.000000,
        "bw_mean" : 0.000000,
        "bw_dev" : 0.000000,
        "bw_samples" : 0,
        "iops_min" : 0,
        "iops_max" : 0,
        "iops_mean" : 0.000000,
        "iops_stddev" : 0.000000,
        "iops_samples" : 0
      },
      "write" : {
        "io_bytes" : 28384710656,
        "io_kbytes" : 27719444,
        "bw_bytes" : 473070626,
        "bw" : 461983,
        "iops" : 115495.758404,
        "runtime" : 60001,
        "total_ios" : 6929861,
        "short_ios" : 0,
        "drop_ios" : 0,
        "slat_ns" : {
          "min" : 0,